name,address,*state,zip*
Sarah Nelson,8454 Washington Pl,*MN,55400*
Edward Wright,2887 Lincoln Pl,*VA,22100*
Ashley Roberts,7422 Franklin Way,*MS,38800*
Charles Thompson,8817 Garden Ave,*NV,89200*
Joshua Jones,5284 Dogwood St,*DE,19800*
Matthew Phillips,8107 Maple Dr,*KY,40200*
Jessica King,5922 Franklin Rd,*AK,99600*
Joshua Evans,5283 River Ct,*AK,99700*
Karen Turner,3298 North Circle,*SD,57100*
Carol Hill,4318 Willow Dr,*KS,66300*
Ashley Hall,6806 Cedar Ave,*MD,20800*
Joseph White,3686 Jackson St,*VT,05000*
Robert Clark,5501 Maple Ln,*MT,59400*
Patricia Green,590 Elm St,*TN,37200*
Matthew Scott,7528 Holly Circle,*VA,23000*
Amanda Allen,5765 Spring St,*MI,48000*
Carol King,1442 Washington Ln,*MA,01000*
Edward Gonzalez,3854 Highland St,*VT,05300*
Dorothy Roberts,8294 Broadway Ct,*GA,30300*
Sandra Brown,9466 Pine Dr,*PA,18000*
Paul Phillips,3310 Washington Pkwy,*RI,02900*
Melissa Clark,401 Beach Blvd,*NH,03400*
Dorothy Baker,9176 Broadway St,*OH,45000*
Karen Lee,871 Madison St,*MI,48100*
Andrew Phillips,4043 Maple Circle,*WI,53200*
Robert Perez,6788 Pine Blvd,*NV,89000*
Edward Wright,4632 Jackson Blvd,*OH,44100*
John Wright,3763 Sunset Ln,*FL,33000*
Paul King,441 Lincoln Circle,*IA,50300*
Joseph Harris,9984 Church Ln,*PA,16000*
Mary Young,5852 East Way,*DE,19800*
Deborah Young,3317 Poplar Ln,*IN,46000*
Thomas Smith,5158 Main Circle,*VA,22200*
Anthony Gonzalez,3649 South St,*MA,01300*
Mark Lee,595 Elm Blvd,*MA,02200*
Donald King,8691 Laurel Dr,*NY,14000*
Jessica Harris,5476 Willow Rd,*NV,89300*
Jennifer Robinson,3837 Meadow Blvd,*WY,82000*
Linda Lewis,4245 Adams Ter,*ID,83500*
Deborah Gonzalez,7318 Cherry Ct,*NJ,07000*
Mary Scott,581 Oak Blvd,*WV,25200*
Donna Phillips,6127 Market Pl,*MT,59100*
Deborah King,3219 West Ter,*SD,57400*
Deborah Green,9064 Maple Rd,*NM,87400*
Mark Thompson,8948 Garden Pkwy,*OR,97100*
William Jones,4595 Main Dr,*WV,25100*
Edward Roberts,8582 Highland Ln,*FL,32200*
John Rodriguez,8243 Cedar Pl,*FL,34000*
Jessica Young,5338 Garden Dr,*RI,02800*
Brian Martin,9731 East Ter,*MO,64000*
Jessica Perez,9161 Cherry Pkwy,*ND,58200*
Brian Campbell,3341 Beach Ter,*MA,01200*
Kimberly Jackson,623 Sycamore Ter,*VT,05400*
Donald Rodriguez,8546 Birch Blvd,*WI,53000*
Sandra Wright,6046 Maple Pl,*WV,25100*
Ashley Campbell,3324 Jackson Ter,*CO,80300*
William Hall,6903 Sunset Ter,*PA,15100*
Andrew Smith,131 Park Pkwy,*WI,53000*
Jennifer Nelson,2522 Broadway Circle,*UT,84400*
Lisa Wright,7717 Walnut Ct,*NH,03200*
Jane Jackson,3266 Ridge Circle,*NC,27200*
Nancy Turner,6624 Washington Pl,*GA,30100*
Carol Davis,3492 Highland Dr,*NY,10000*
Joshua Wilson,3604 Church Ave,*MN,55300*
Jessica Jackson,6651 Cherry St,*WI,54000*
Thomas Thompson,9880 Spring Circle,*UT,84300*
George Wilson,3030 Dogwood Ave,*MS,38800*
Michelle Brown,1676 Spring Blvd,*LA,70300*
Mary White,9779 Washington Ter,*OH,44000*
Charles Adams,3399 Willow Blvd,*VA,23000*
Charles Brown,209 Pine Blvd,*NE,68300*
Jessica Jones,8315 Church Ave,*NE,68300*
Jennifer Hill,5241 Washington Circle,*NY,10000*
Joseph Jones,1175 Meadow Circle,*MD,20900*
Patricia Harris,805 South St,*PA,17000*
Kenneth Carter,6352 Grant Pl,*WY,82100*
Paul Miller,8737 Forest Circle,*AK,99600*
William Nelson,2339 Pine Pl,*ME,04000*
Karen Hall,780 Forest Pkwy,*WI,53000*
Anthony Hall,5392 Sycamore Rd,*KY,40400*
Donald Roberts,1218 Highland Dr,*RI,02910*
Betty Lewis,908 Forest Dr,*AZ,85400*
Kenneth Allen,9552 Dogwood Pl,*WA,98000*
Kevin Campbell,8562 Church Pl,*MS,38700*
Dorothy Williams,8282 Willow St,*ND,58400*
Jennifer Allen,1597 Garden Dr,*MN,55100*
Donald Garcia,7589 Church Circle,*GA,30400*
Steven Scott,7790 Poplar Pkwy,*WI,53000*
James Allen,3432 Broadway Pl,*OR,97000*
Jessica Garcia,2978 Grove Ln,*DE,19900*
Jennifer Parker,4429 Broadway Circle,*MD,20900*
David Brown,1831 Washington Ter,*NH,03100*
Carol Davis,4794 Grant Ave,*MT,59100*
Richard Phillips,6945 Walnut Way,*NH,03100*
Anthony Clark,2947 Grant Pkwy,*AR,71900*
Emily Johnson,9593 Sycamore Ln,*SC,29200*
Betty Walker,2161 Cherry Circle,*CT,06100*
Donna Davis,9027 Jackson Ter,*OH,44000*
Brian Parker,3285 Valley Ln,*NV,89400*
Deborah Lewis,7130 Ridge Blvd,*IL,60100*
Kevin Miller,540 Pine Way,*NV,89100*
Matthew Thompson,9283 Ridge Pkwy,*NV,89000*
Carol Hill,3608 Poplar Blvd,*WV,25000*
Paul Williams,6936 Market Blvd,*NY,10000*
Steven Harris,6124 Elm Ter,*ME,04100*
Lisa Wilson,1986 Broadway Way,*CT,06300*
Jessica Miller,487 Grove Ter,*CA,92000*
Elizabeth Thomas,8816 East Way,*SC,29200*
William Allen,9360 Central Blvd,*KY,40200*
Robert Williams,2299 Beach Way,*GA,30100*
Betty Wilson,2575 Birch Dr,*WI,54000*
Anthony Robinson,7987 Garden Ter,*IL,60000*
Richard Williams,6183 Hill Blvd,*AR,71900*
Thomas Adams,1081 Cedar Ln,*HI,96900*
Patricia Hall,4087 Ridge St,*OK,73100*
Thomas White,8299 Spring Ter,*VT,05300*
Sandra Carter,6733 Cherry Ct,*GA,30400*
Carol Johnson,2757 Church Way,*WA,98200*
Mark Rodriguez,4152 East Ave,*ID,83600*
Joshua Perez,5421 Sycamore Ter,*UT,84300*
Brian Scott,7993 Washington Dr,*MN,55200*
Amanda Hall,5890 Poplar Ter,*MN,55200*
Michael Baker,6702 Hill St,*AL,35200*
Kimberly Wilson,2030 Garden St,*IN,46400*
Anthony Hernandez,9543 Poplar Ln,*PA,15100*
Betty Jones,6439 Walnut Rd,*AK,99900*
Patricia Carter,890 Oak Ave,*FL,32000*
Deborah Harris,9590 Elm Blvd,*TN,37200*
Deborah Smith,4901 Holly Blvd,*LA,70000*
Brian Roberts,2265 North St,*TX,78000*
Robert Taylor,5712 Broadway Rd,*DE,19700*
Jennifer Miller,1768 Central Ct,*IL,60200*
Richard Nelson,2256 Broadway Circle,*MO,63300*
Amanda Hernandez,3536 South Circle,*OR,97100*
Betty Miller,1745 Park Ct,*RI,02920*
Edward Anderson,3970 Adams Pkwy,*MT,59300*
Donald Carter,3729 Maple Way,*WA,99000*
Dorothy Green,1493 Jefferson Rd,*CO,80000*
David Lee,9556 Church Pkwy,*PA,17000*
Jennifer Martinez,7086 Meadow Ct,*NY,11000*
Emily Hernandez,1317 Lake Ave,*WY,82000*
Andrew Lee,3950 Dogwood Blvd,*MI,49000*
Edward Hernandez,2183 South Rd,*NJ,08000*
Joshua Garcia,8754 Market Pkwy,*ME,04400*
Sandra Phillips,7427 Valley Rd,*CA,90000*
Jane Hall,3366 Sunset Way,*WY,82300*
Joseph Adams,502 Lincoln Dr,*GA,30000*
Dorothy Hill,8968 Central Blvd,*CT,06000*
Matthew Lee,7740 Laurel Pl,*OH,43000*
Joseph Allen,6154 West Pl,*IA,50300*
Patricia Clark,5132 Center Pl,*WV,24800*
Edward Hall,2091 Prospect Dr,*AR,71600*
Kimberly Turner,1534 Central St,*NE,68000*
Richard Rodriguez,3405 West Ct,*TX,77000*
Dorothy Phillips,3329 Center Circle,*AK,99600*
Andrew Hill,7044 Chestnut Pl,*AR,72000*
Andrew Thomas,3256 Central Pl,*TN,37100*
Ashley Garcia,3675 Franklin Blvd,*WV,26000*
Mary Green,8589 Poplar Dr,*MN,55000*
Donna Nelson,7816 Forest Ln,*NC,27300*
Donna Perez,3173 Lincoln Rd,*MN,55200*
Edward Miller,2977 Grove Way,*NH,03000*
Andrew Wright,5027 Grove Ct,*IL,60400*
Kimberly Smith,8090 Ridge Rd,*IL,60000*
Ashley Martinez,2337 Sycamore Ln,*FL,33000*
Steven Lewis,6358 Adams Pl,*GA,31000*
Donna Harris,7326 Cedar Ter,*WI,53000*
Melissa Carter,2047 Forest Way,*MO,63000*
Richard Walker,9233 Valley Blvd,*HI,96800*
Mark Anderson,5089 East Way,*OK,73100*
Joshua Allen,4255 Willow Blvd,*MN,55400*
Kimberly Jones,3963 Market Dr,*SC,29000*
Elizabeth Martinez,433 Oak Blvd,*NY,12000*
Joseph Williams,2279 Lincoln Circle,*HI,96900*
Steven Gonzalez,9218 Dogwood Ct,*FL,32200*
Jennifer Gonzalez,5455 Grant Ln,*TX,79000*
Michael King,6432 Madison Rd,*AZ,85300*
Kenneth Hill,7678 Ridge Ln,*AR,71600*
Joshua Carter,7750 Market Dr,*SC,29300*
Thomas Nelson,236 Church Pkwy,*MA,02100*
David Robinson,918 Madison Blvd,*TX,77000*
James Campbell,1962 Willow Rd,*IL,60000*
Ashley Williams,9956 Forest Dr,*SC,29200*
Donna Phillips,7748 Birch Rd,*AK,99800*
George Parker,7224 Poplar Ln,*IN,46300*
Sandra Hill,5758 Beach St,*FL,32100*
Sandra Harris,6828 Holly Ct,*ND,58000*
Andrew Evans,565 Willow Rd,*NH,03400*
Edward Perez,9410 Washington Ter,*CA,91000*
William Robinson,8363 Madison Dr,*AK,99800*
Elizabeth Miller,5072 River Rd,*MD,20800*
Edward Davis,9852 Dogwood Ave,*IA,50000*
Mark Brown,5670 Forest Way,*ND,58300*
Edward Perez,4284 Oak Circle,*SC,29400*
Thomas Evans,567 Willow Pkwy,*SC,29100*
Steven Harris,5253 Broadway Ter,*TX,79000*
Kevin Moore,735 Sunset Pl,*DE,19900*
Betty Garcia,9516 Willow Rd,*DE,19900*
Kenneth Lee,406 Center Pkwy,*IL,60100*
Donald Hall,4924 Sycamore Way,*VT,05100*
Donald Robinson,6020 Oak Pkwy,*HI,96900*
Anthony Carter,7077 Valley Ter,*CO,80300*
Anthony Parker,9883 Grove Way,*NY,13000*
Charles Gonzalez,6993 Beach Ln,*IA,50000*
Susan Brown,8898 Sunset Circle,*MO,63100*
Lisa Thomas,7211 Ridge Ct,*KS,66100*
Charles Harris,5208 Hill Pl,*IL,60000*
William Lewis,3013 Oak Ter,*KY,40200*
Karen Green,8475 Highland Rd,*RI,02910*
Joseph King,4524 Central Way,*WI,53000*
Sandra Williams,9711 Birch Circle,*MS,38600*
Betty Robinson,6973 Spring Circle,*LA,70000*
Joshua Anderson,9239 Broadway Pl,*UT,84300*
Kenneth Clark,9222 Jefferson Pkwy,*SD,57300*
Charles Scott,9711 Forest Ln,*NC,27300*
Linda Green,7433 North Pl,*CA,92000*
John Green,9618 Cherry Ave,*NJ,07100*
Emily Martin,3575 Willow Ter,*PA,15000*
Patricia Miller,8417 Central Ter,*DE,19900*
Richard Taylor,4740 Oak Blvd,*MI,48300*
Jessica Williams,888 Willow Way,*MN,55300*
Karen Nelson,221 Prospect Ave,*AK,99800*
Susan Garcia,6691 Franklin Pkwy,*PA,15100*
Elizabeth White,8981 Birch Ter,*CT,06300*
Andrew Walker,5389 Adams Ave,*FL,34000*
Nancy Brown,9655 Poplar Pkwy,*TX,76000*
Kenneth Phillips,891 Sunset Circle,*AL,35500*
Paul Young,2200 Grant Ave,*AL,35300*
Amanda Lee,4811 Dogwood Ave,*IL,60400*
Joseph Wright,3489 Center St,*AK,99900*
Donna Robinson,3887 Walnut Ln,*KY,40100*
Dorothy King,7876 Grant Ct,*NM,87100*
Steven Gonzalez,3028 Dogwood Pl,*GA,30400*
Anthony Allen,7605 Franklin Ter,*DE,19900*
Joseph Williams,3898 Center Dr,*WI,53300*
Charles Baker,8113 Grove Ct,*ME,04400*
Joseph Smith,228 Pine Ln,*MI,48300*
Carol Moore,9545 Main Blvd,*OK,73000*
Robert Phillips,2440 Lake Pkwy,*SD,57000*
Emily Parker,6636 Beach Pl,*PA,16000*
Donald Parker,3544 Walnut St,*ND,58400*
Joseph Moore,7844 Highland Pl,*FL,32200*
Robert Perez,6378 East Blvd,*NM,87400*
Richard Green,844 Garden Ln,*WA,99000*
Kevin Harris,2553 North Pl,*UT,84400*
Robert Baker,4831 Prospect Dr,*VT,05300*
Steven Turner,9018 Lincoln Ave,*NE,68300*
Linda Hill,479 Hill Ln,*WV,25000*
Kevin Miller,1180 Jackson Ct,*WV,25200*
Melissa Campbell,5886 Lake Rd,*ID,83500*
Ashley Green,3897 Sycamore Pkwy,*SD,57200*
Dorothy Taylor,8595 Forest St,*IA,50000*
William Nelson,995 Madison Way,*ND,58400*
Matthew Evans,3397 Oak Circle,*SC,29000*
Daniel Hernandez,6916 Poplar Ter,*ND,58300*
Betty Taylor,9045 Garden Pl,*AZ,85200*
Susan Adams,7388 Grove Dr,*NM,87300*
Joshua Perez,4980 Chestnut Rd,*RI,02900*
Mary Lewis,1426 Central Pl,*NC,27000*
Brian Anderson,1368 North Circle,*VT,05200*
Lisa Wright,9587 Spring Dr,*HI,96900*
George Robinson,9283 Cedar Way,*IL,60500*
Ashley Rodriguez,6675 Dogwood Ter,*MD,20800*
William Lewis,9586 Pine Rd,*OR,97200*
James Young,6706 Elm Way,*ID,83200*
David Robinson,3558 Jackson Blvd,*MA,02200*
George Campbell,4216 Maple Dr,*IL,60100*
Elizabeth Allen,1514 Grant Pl,*HI,96800*
Michael Roberts,6028 Maple Blvd,*WA,98400*
David Scott,1908 Garden Rd,*SD,57400*
Kevin King,9603 Laurel Ter,*DE,19800*
Anthony Hill,8925 Lake Circle,*MT,59300*
David Baker,3064 Spring Ter,*UT,84200*
Lisa Scott,5925 Elm Ln,*WY,82300*
Matthew King,9548 Sunset Rd,*RI,02910*
William Hill,7837 Valley Ln,*WV,25200*
Michelle Williams,6810 Cedar Dr,*CO,80100*
Michael Thompson,5374 North Pkwy,*HI,96800*
Brian Nelson,4805 Holly Blvd,*IN,46000*
Donald Williams,5673 Central Way,*CT,06200*
Thomas Hill,225 Forest Ter,*MA,01300*
Jane Roberts,1128 Ridge St,*OK,73000*
Sarah Brown,2764 Dogwood St,*WA,98400*
Daniel Davis,3425 Holly Ter,*MN,55100*
Susan Phillips,9214 Chestnut Rd,*VA,23100*
William Martin,6114 Park Ter,*MI,49000*
Amanda Turner,3067 Market Blvd,*MT,59100*
Lisa Garcia,7989 Poplar St,*TN,37000*
Andrew Adams,729 South Ct,*ID,83400*
Kimberly Mitchell,5386 Jackson Circle,*MN,55300*
Michelle Jones,8773 Forest Ave,*TN,37100*
Steven Carter,7670 Franklin Rd,*SD,57400*
Lisa Lee,958 Highland Rd,*HI,96900*
Jane Moore,3082 Walnut St,*MA,01100*
Patricia Moore,9067 Washington Ct,*WI,53100*
Dorothy Hill,1552 Maple Pkwy,*MS,39000*
Jane Martinez,3540